,proflie_name
0,fashionvello
1,fashionipio
2,dressesloves
3,mens_priorities
4,dresseslovesco
5,mens.legacy
6,menslaw
7,mens.courtesy
8,zaragents
9,fashioneeo
10,urbanstylegents
11,mens.courtesy
12,zaragents
13,fashioneeo
14,urbanstylegents
15,luxuryandmenstyle
16,zaramenclub
17,mensfashionpros
18,streetstyledmen
19,urbanstylegents
20,luxuryandmenstyle
21,zaramenclub
22,mensfashionpros
23,streetstyledmen
24,addictoffashion2
25,mensfashionshub
26,menshairs
27,mensfashionpros
28,streetstyledmen
29,addictoffashion2
30,mensfashionshub
31,menshairs
32,menfashionthread
33,gentfashionclub
34,streetstyledmen
